# hostname;interval;timestamp;kbmemfree;kbavail;kbmemused;%memused;kbbuffers;kbcached;kbcommit;%commit;kbactive;kbinact;kbdirty
max;59;2021-10-06 02:51:01 UTC;1452744;5403196;1802772;23.77;140200;3365796;4736460;57.14;2340708;2895900;564
max;60;2021-10-06 02:52:01 UTC;1448696;5401876;1804068;23.79;140200;3368508;4732116;57.09;2342432;2898620;256
max;60;2021-10-06 02:53:01 UTC;1440556;5396176;1809740;23.86;140200;3370948;4734208;57.12;2348616;2901060;844
max;60;2021-10-06 02:54:01 UTC;1426992;5385336;1820560;24.00;140200;3373668;4736696;57.15;2359036;2903764;632
max;60;2021-10-06 02:55:01 UTC;1414064;5375024;1830864;24.14;140200;3376288;4739036;57.17;2368864;2906396;988
max;60;2021-10-06 02:56:01 UTC;1411696;5375640;1830092;24.13;140204;3379268;4739116;57.17;2367964;2909392;720
max;60;2021-10-06 02:57:01 UTC;1403116;5369884;1836036;24.21;140204;3382088;4731164;57.08;2375164;2912220;488
max;60;2021-10-06 02:58:01 UTC;1393160;5362588;1843348;24.30;140204;3384744;4735000;57.12;2381812;2914832;220
max;60;2021-10-06 02:59:01 UTC;1390964;5362836;1842948;24.30;140204;3387240;4740416;57.19;2380700;2917320;596
max;60;2021-10-06 03:00:01 UTC;1379592;5354104;1851864;24.42;140204;3389884;4741364;57.20;2389932;2919960;1064
max;60;2021-10-06 03:01:01 UTC;1374524;5351732;1854148;24.45;140204;3392576;4740052;57.19;2392480;2922652;792
max;60;2021-10-06 03:02:01 UTC;1362932;5342644;1863364;24.57;140204;3395080;4737252;57.15;2402204;2925156;652
max;60;2021-10-06 03:03:01 UTC;1362380;5344728;1861336;24.54;140204;3397716;4736672;57.15;2400288;2927788;584
max;60;2021-10-06 03:04:01 UTC;1347696;5332536;1873348;24.70;140204;3400200;4804820;57.97;2411772;2930276;584
max;60;2021-10-06 03:05:01 UTC;1344912;5332276;1873556;24.70;140204;3402740;4800748;57.92;2412476;2932812;508
max;60;2021-10-06 03:06:01 UTC;1341092;5330828;1874996;24.72;140204;3405104;4803660;57.95;2414252;2935172;176
max;60;2021-10-06 03:07:01 UTC;1333712;5325964;1879676;24.78;140204;3407620;4804956;57.97;2418608;2937684;988
max;60;2021-10-06 03:08:01 UTC;1328956;5323592;1882172;24.81;140204;3410004;4804528;57.96;2421164;2940068;592
max;60;2021-10-06 03:09:01 UTC;1322428;5319620;1886480;24.87;140204;3412524;4802860;57.94;2425016;2942588;388
max;60;2021-10-06 03:10:01 UTC;1311600;5311316;1894832;24.98;140204;3415044;4807960;58.01;2432524;2945112;308
max;60;2021-10-06 03:11:01 UTC;1307316;5309828;1895984;25.00;140204;3417844;4804556;57.96;2434104;2947908;772
max;60;2021-10-06 03:12:01 UTC;1303040;5308252;1897556;25.02;140204;3420544;4804144;57.96;2435912;2950608;852
max;60;2021-10-06 03:13:01 UTC;1296748;5304344;1901580;25.07;140204;3422928;4802696;57.94;2440144;2952992;724
max;60;2021-10-06 03:14:01 UTC;1285212;5295580;1910280;25.19;140204;3425680;4809068;58.02;2448032;2955744;876
max;60;2021-10-06 03:15:01 UTC;1275460;5288500;1917400;25.28;140204;3428352;4809160;58.02;2455664;2958408;664
max;60;2021-10-06 03:16:01 UTC;1263504;5279168;1926812;25.40;140204;3430972;4812432;58.06;2464068;2961028;488
max;60;2021-10-06 03:17:01 UTC;1259992;5278228;1927744;25.42;140204;3433548;4806952;57.99;2464128;2963604;676
max;60;2021-10-06 03:18:01 UTC;1254740;5275448;1930652;25.45;140204;3436020;4805604;57.98;2467596;2966076;1280
max;60;2021-10-06 03:19:01 UTC;1248068;5271340;1934564;25.51;140204;3438584;4809304;58.02;2471952;2968640;804
max;60;2021-10-06 03:20:01 UTC;1234880;5260692;1945176;25.65;140204;3441124;4878380;58.85;2482152;2971180;968
max;60;2021-10-06 03:21:01 UTC;1229432;5257876;1948244;25.69;140204;3443760;4875992;58.83;2484244;2973812;556
max;60;2021-10-06 03:22:01 UTC;1215924;5246900;1959176;25.83;140204;3446288;4878712;58.86;2495984;2976344;536
max;60;2021-10-06 03:23:01 UTC;1211468;5245060;1960656;25.85;140204;3448904;4873648;58.80;2498068;2978960;684
max;60;2021-10-06 03:24:01 UTC;1206112;5242328;1963476;25.89;140204;3451528;4872520;58.78;2501540;2981584;404
max;60;2021-10-06 03:25:01 UTC;1197880;5237004;1969172;25.96;140204;3453960;4874136;58.80;2505240;2984488;836
max;60;2021-10-06 03:26:01 UTC;1194432;5236056;1970196;25.98;140204;3456460;4878556;58.86;2507148;2986988;556
max;60;2021-10-06 03:27:01 UTC;1346900;5390932;1815604;23.94;140204;3458868;4874012;58.80;2348336;2989396;548
max;60;2021-10-06 03:28:01 UTC;1386972;5433536;1772932;23.37;140204;3461400;4876260;58.83;2305788;2991928;964
max;60;2021-10-06 03:29:01 UTC;1382872;5432040;1774456;23.39;140204;3464000;4875160;58.82;2307124;2994532;1000
max;60;2021-10-06 03:30:01 UTC;1386464;5438068;1768280;23.31;140204;3466440;4869484;58.75;2302264;2996968;692
max;60;2021-10-06 03:31:01 UTC;1383260;5437484;1769264;23.33;140204;3469056;4874084;58.80;2302712;2999588;544
max;60;2021-10-06 03:32:01 UTC;1379840;5436624;1769900;23.33;140204;3471616;4873952;58.80;2302832;3002148;408
max;60;2021-10-06 03:33:01 UTC;1376312;5435660;1770864;23.35;140204;3474180;4868108;58.73;2304728;3004712;420
max;60;2021-10-06 03:34:01 UTC;1373300;5435176;1771572;23.36;140204;3476708;4871904;58.78;2304904;3007240;56
max;60;2021-10-06 03:35:02 UTC;1379780;5434116;1772220;23.37;140204;3469168;4884532;58.93;2304800;2999700;904
max;59;2021-10-06 03:36:01 UTC;1380888;5437544;1768976;23.32;140204;3471488;4878128;58.85;2302280;3002032;732
max;60;2021-10-06 03:37:01 UTC;1377508;5436668;1769788;23.33;140204;3473992;4876236;58.83;2302568;3004524;580
max;60;2021-10-06 03:38:01 UTC;1375212;5436696;1769648;23.33;140204;3476320;4871144;58.77;2303260;3006864;556
max;60;2021-10-06 03:39:01 UTC;1364204;5428184;1778456;23.45;140204;3478824;4869256;58.74;2312216;3009352;448
max;60;2021-10-06 03:40:01 UTC;1350572;5416944;1789680;23.60;140204;3481228;4868684;58.74;2322968;3011776;988
max;60;2021-10-06 03:41:01 UTC;1347200;5416020;1790588;23.61;140204;3483676;4878812;58.86;2323944;3014232;792
max;60;2021-10-06 03:42:01 UTC;1340752;5411876;1794552;23.66;140204;3485980;4872872;58.79;2326868;3016512;752
max;60;2021-10-06 03:43:01 UTC;1337060;5410628;1796016;23.68;140204;3488424;4871356;58.77;2328288;3018964;804
max;60;2021-10-06 03:44:01 UTC;1328928;5405016;1801412;23.75;140204;3490940;4876632;58.83;2333984;3021496;832
max;60;2021-10-06 03:45:01 UTC;1322076;5400888;1805696;23.81;140204;3493668;4877688;58.85;2339356;3024232;624
max;60;2021-10-06 03:46:01 UTC;1367404;5399512;1807028;23.82;140204;3447264;4873808;58.80;2340560;2977796;396
max;60;2021-10-06 03:47:01 UTC;1361544;5396228;1810264;23.87;140204;3449836;4874728;58.81;2343252;2980364;972
max;60;2021-10-06 03:48:01 UTC;1353876;5391096;1815536;23.94;140204;3452404;4876408;58.83;2348100;2982928;760
max;60;2021-10-06 03:49:01 UTC;1345212;5384924;1821728;24.02;140204;3454812;4873548;58.80;2354968;2985336;416
max;60;2021-10-06 03:50:01 UTC;1336928;5379312;1827144;24.09;140204;3457488;4879156;58.86;2359960;2988012;248
max;60;2021-10-06 03:51:01 UTC;1328272;5372848;1833484;24.17;140204;3459672;4873608;58.80;2367212;2990192;740
max;60;2021-10-06 03:52:01 UTC;1325912;5372588;1833988;24.18;140204;3461764;4877236;58.84;2367300;2992288;716
max;60;2021-10-06 03:53:01 UTC;1313872;5363676;1842872;24.30;140204;3464896;4875536;58.82;2375636;2995416;544
max;60;2021-10-06 03:54:01 UTC;1304984;5357364;1849020;24.38;140204;3467468;4873508;58.80;2381848;2997992;416
max;60;2021-10-06 03:55:01 UTC;1294064;5348532;1857836;24.49;140204;3469556;4877780;58.85;2389712;3000080;1132
max;60;2021-10-06 03:56:01 UTC;1288724;5345364;1861044;24.54;140204;3471732;4877860;58.85;2394200;3002252;832
max;60;2021-10-06 03:57:01 UTC;1287548;5346180;1860196;24.53;140204;3473720;4873208;58.79;2392932;3004244;772
max;60;2021-10-06 03:58:01 UTC;1281456;5342236;1864264;24.58;140204;3475864;4875252;58.82;2396924;3006388;544
max;60;2021-10-06 03:59:01 UTC;1280740;5343592;1863000;24.56;140204;3477992;4877028;58.84;2395764;3008512;400
max;60;2021-10-06 04:00:01 UTC;1278244;5343268;1863308;24.57;140204;3480160;4880044;58.87;2396296;3010684;896
max;60;2021-10-06 04:01:01 UTC;1264832;5331760;1874748;24.72;140204;3482064;4872936;58.79;2407272;3012592;644
max;60;2021-10-06 04:02:01 UTC;1258572;5327680;1878976;24.77;140204;3484244;4872728;58.79;2412936;3014768;680
max;60;2021-10-06 04:03:01 UTC;1257468;5328524;1878132;24.76;140204;3486172;4873668;58.80;2411956;3016696;772
max;60;2021-10-06 04:04:01 UTC;1254264;5327472;1879272;24.78;140204;3488328;4876072;58.83;2412056;3018844;612
max;60;2021-10-06 04:05:01 UTC;1249580;5324840;1882004;24.81;140204;3490376;4868220;58.73;2415116;3020896;368
max;60;2021-10-06 04:06:01 UTC;1257140;5324464;1882172;24.81;140204;3482440;4878040;58.85;2414736;3012960;1208
max;60;2021-10-06 04:07:01 UTC;1249928;5319268;1887544;24.89;140204;3484456;4869772;58.75;2419912;3014976;836
max;60;2021-10-06 04:08:01 UTC;1248336;5319616;1887092;24.88;140204;3486400;4877292;58.84;2420652;3016916;724
max;60;2021-10-06 04:09:01 UTC;1242876;5316136;1890336;24.92;140204;3488376;4874624;58.81;2423272;3018896;356
max;60;2021-10-06 04:10:01 UTC;1223448;5299240;1907272;25.15;140204;3490908;4876272;58.83;2439276;3021428;852
max;60;2021-10-06 04:11:01 UTC;1217536;5295864;1910448;25.19;140204;3493444;4877352;58.84;2443644;3023964;900
max;60;2021-10-06 04:12:01 UTC;1211816;5292736;1913788;25.23;140204;3496036;4876928;58.84;2446308;3026556;752
max;60;2021-10-06 04:13:01 UTC;1210488;5293816;1912892;25.22;140204;3498444;4875728;58.82;2446148;3028948;896
max;60;2021-10-06 04:14:01 UTC;1194880;5280840;1925748;25.39;140204;3501076;4878296;58.85;2458368;3031580;824
max;60;2021-10-06 04:15:01 UTC;1189532;5277628;1929120;25.43;140204;3503264;4878552;58.86;2461268;3033768;416
max;60;2021-10-06 04:16:01 UTC;1188808;5279176;1927192;25.41;140204;3505536;4869700;58.75;2460516;3036040;472
max;60;2021-10-06 04:17:01 UTC;1184784;5277500;1929160;25.43;140204;3507860;4879104;58.86;2461912;3038364;888
max;60;2021-10-06 04:18:01 UTC;1178364;5273540;1932968;25.48;140204;3510320;4877680;58.85;2466176;3040824;720
max;60;2021-10-06 04:19:01 UTC;1176396;5273948;1932292;25.48;140204;3512696;4881136;58.89;2464856;3043200;564
max;60;2021-10-06 04:20:01 UTC;1236168;5273312;1932872;25.48;140204;3452436;4878552;58.86;2465476;2982928;452
max;60;2021-10-06 04:21:02 UTC;1227296;5266988;1939344;25.57;140204;3454976;4878296;58.85;2472304;2985468;912
max;59;2021-10-06 04:22:01 UTC;1215300;5257656;1948760;25.69;140204;3457640;4878552;58.86;2480848;2988132;952
max;60;2021-10-06 04:23:01 UTC;1213624;5258444;1948244;25.69;140204;3460100;4871560;58.77;2481632;2990596;616
max;60;2021-10-06 04:24:01 UTC;1207316;5254468;1952312;25.74;140204;3462424;4877300;58.84;2485344;2992912;624
max;60;2021-10-06 04:25:01 UTC;1195844;5245420;1961236;25.86;140204;3464840;4872364;58.78;2494892;2995344;432
max;60;2021-10-06 04:26:01 UTC;1192404;5244452;1962092;25.87;140204;3467308;4876220;58.83;2494804;2997812;240
max;60;2021-10-06 04:27:01 UTC;1189156;5243632;1962912;25.88;140204;3469736;4874828;58.81;2495276;3000240;1072
max;60;2021-10-06 04:28:01 UTC;1182852;5239664;1966720;25.93;140204;3472076;4878640;58.86;2499276;3002568;632
max;60;2021-10-06 04:29:01 UTC;1178796;5238208;1968160;25.95;140204;3474668;4875800;58.82;2500124;3005184;780
max;60;2021-10-06 04:30:01 UTC;1176280;5238092;1968584;25.95;140204;3477068;4878296;58.85;2501608;3007584;416
max;60;2021-10-06 04:31:01 UTC;1171528;5235828;1970732;25.98;140204;3479556;4877572;58.85;2503448;3010056;960
max;60;2021-10-06 04:32:01 UTC;1163212;5229864;1976644;26.06;140204;3481908;4874404;58.81;2508776;3012424;856
max;60;2021-10-06 04:33:01 UTC;1160092;5229368;1977112;26.07;140204;3484532;4878552;58.86;2509028;3015036;844
max;60;2021-10-06 04:34:01 UTC;1153968;5225652;1980824;26.12;140204;3486940;4876836;58.84;2512728;3017476;636
max;60;2021-10-06 04:35:01 UTC;1142224;5215848;1990852;26.25;140184;3488932;4879324;58.87;2527920;3020172;300
max;60;2021-10-06 04:36:01 UTC;1139412;5215216;1991212;26.25;140184;3491140;4876240;58.83;2528540;3022368;1156
max;60;2021-10-06 04:37:02 UTC;1142836;5211072;1995248;26.31;140184;3483572;4872920;58.79;2532908;3014800;1328
max;59;2021-10-06 04:38:01 UTC;1137388;5207716;1998764;26.35;140184;3485664;4874564;58.81;2535652;3016896;660
max;60;2021-10-06 04:39:01 UTC;1128828;5201044;2005504;26.44;140184;3487552;4877104;58.84;2543296;3018780;312
max;60;2021-10-06 04:40:01 UTC;1128968;5203288;2003168;26.41;140184;3489652;4879644;58.87;2540812;3020884;788
max;60;2021-10-06 04:41:01 UTC;1126564;5202816;2003624;26.42;140184;3491592;4874456;58.81;2541272;3022816;608
max;60;2021-10-06 04:42:01 UTC;1120448;5198728;2007604;26.47;140184;3493620;4874336;58.81;2544812;3024844;652
max;60;2021-10-06 04:43:01 UTC;1117808;5197992;2008328;26.48;140184;3495516;4879900;58.87;2545556;3026744;468
max;60;2021-10-06 04:44:01 UTC;1111120;5193452;2012976;26.54;140184;3497684;4871492;58.77;2549900;3028912;600
max;60;2021-10-06 04:45:01 UTC;1102856;5187308;2019156;26.62;140184;3499808;4879708;58.87;2556048;3031032;652
max;60;2021-10-06 04:46:01 UTC;1099612;5186116;2020388;26.64;140184;3501868;4880068;58.88;2557956;3033100;828
max;60;2021-10-06 04:47:01 UTC;1095640;5184080;2022056;26.66;140184;3503808;4878748;58.86;2559804;3035036;684
max;60;2021-10-06 04:48:01 UTC;1090184;5180692;2026060;26.71;140184;3505880;4880748;58.88;2563692;3037108;556
max;60;2021-10-06 04:49:01 UTC;1079668;5172636;2034184;26.82;140184;3508236;4950356;59.72;2571944;3039464;500
max;60;2021-10-06 04:50:01 UTC;1072612;5167948;2038912;26.88;140184;3510604;4946844;59.68;2575180;3041828;756
max;60;2021-10-06 04:51:01 UTC;1068244;5166124;2040396;26.90;140184;3513168;4943344;59.64;2577780;3044392;812
max;60;2021-10-06 04:52:01 UTC;1059080;5159456;2047104;26.99;140184;3515660;4945900;59.67;2581028;3046888;916
max;60;2021-10-06 04:53:01 UTC;1052420;5155416;2051000;27.04;140184;3518276;4943756;59.64;2584788;3049504;816
max;60;2021-10-06 04:54:01 UTC;1105320;5148180;2058356;27.14;140184;3458212;4944696;59.65;2590088;2989440;716
max;60;2021-10-06 04:55:01 UTC;1096036;5141496;2064948;27.22;140184;3460780;4945740;59.67;2597396;2992008;480
max;60;2021-10-06 04:56:01 UTC;1084720;5132624;2073608;27.34;140184;3463176;4947088;59.68;2605632;2994404;816
max;60;2021-10-06 04:57:01 UTC;1082044;5132540;2073872;27.34;140184;3465764;4943788;59.64;2605736;2996992;644
max;60;2021-10-06 04:58:01 UTC;1077240;5130140;2076704;27.38;140184;3468156;4944576;59.65;2608100;2999388;588
max;60;2021-10-06 04:59:01 UTC;1067792;5123216;2083528;27.47;140184;3470684;4942000;59.62;2615884;3001908;388
max;60;2021-10-06 05:00:01 UTC;1064636;5122616;2084140;27.48;140184;3473236;4943552;59.64;2621136;3004464;804
max;60;2021-10-06 05:01:01 UTC;1054188;5114684;2092012;27.58;140184;3475768;4947680;59.69;2626352;3006992;992
max;60;2021-10-06 05:02:01 UTC;1051128;5114172;2092636;27.59;140184;3478316;4945800;59.67;2627728;3009544;864
max;60;2021-10-06 05:03:01 UTC;1042592;5108220;2098348;27.66;140184;3480900;4945660;59.67;2632272;3012128;736
max;60;2021-10-06 05:04:01 UTC;1036936;5105076;2101436;27.71;140184;3483412;4948064;59.70;2636100;3014640;492
max;60;2021-10-06 05:05:01 UTC;1033924;5094220;2112348;27.85;140184;3475568;5011224;60.46;2644624;3006796;1228
max;60;2021-10-06 05:06:01 UTC;1027400;5090044;2116512;27.90;140184;3477916;5019184;60.55;2650724;3009144;692
max;60;2021-10-06 05:07:01 UTC;1167556;5232760;1973996;26.03;140184;3480476;5013228;60.48;2504792;3011704;768
max;60;2021-10-06 05:08:01 UTC;1330332;5397904;1808544;23.84;140184;3482844;5017124;60.53;2339252;3014072;696
max;60;2021-10-06 05:09:01 UTC;1333908;5404032;1802472;23.76;140184;3485396;5013700;60.49;2333864;3016624;496
max;60;2021-10-06 05:10:01 UTC;1331300;5403920;1802252;23.76;140184;3487892;5013456;60.48;2333528;3019120;208
max;60;2021-10-06 05:11:01 UTC;1330412;5405528;1801212;23.75;140184;3490404;5016440;60.52;2332812;3021632;1056
max;60;2021-10-06 05:12:01 UTC;1326804;5404368;1801916;23.76;140184;3492852;5016712;60.52;2332716;3024080;920
max;60;2021-10-06 05:13:01 UTC;1323128;5403240;1803116;23.77;140184;3495404;5016096;60.52;2334752;3026628;680
max;60;2021-10-06 05:14:01 UTC;1319852;5402444;1804304;23.79;140184;3497896;5017036;60.53;2335916;3029136;576
max;60;2021-10-06 05:15:01 UTC;1317260;5402304;1804240;23.79;140184;3500392;5016324;60.52;2335976;3031620;472
max;60;2021-10-06 05:16:01 UTC;1316300;5403812;1802960;23.77;140184;3502860;5011980;60.47;2335324;3034100;320
max;60;2021-10-06 05:17:01 UTC;1313252;5403112;1803768;23.78;140184;3505212;5015680;60.51;2335216;3036436;372
max;60;2021-10-06 05:18:01 UTC;1310268;5402672;1804172;23.79;140184;3507752;5012372;60.47;2335540;3038980;1172
max;60;2021-10-06 05:19:01 UTC;1307716;5402536;1804100;23.79;140184;3510164;5016096;60.52;2335524;3041416;884
max;60;2021-10-06 05:20:01 UTC;1291936;5389328;1817436;23.96;140184;3512736;5017016;60.53;2349508;3043916;848
max;60;2021-10-06 05:21:02 UTC;1289652;5389480;1817344;23.96;140184;3515168;5010912;60.45;2348464;3046360;532
max;59;2021-10-06 05:22:01 UTC;1285256;5387428;1819332;23.99;140184;3517508;5016404;60.52;2351148;3048692;252
max;60;2021-10-06 05:23:01 UTC;1278060;5382400;1824276;24.05;140184;3519672;5011388;60.46;2356028;3050896;1084
max;60;2021-10-06 05:24:01 UTC;1273500;5380412;1826244;24.08;140184;3522248;5016780;60.52;2357696;3053428;1104
max;60;2021-10-06 05:25:01 UTC;1323288;5370304;1836360;24.21;140184;3462380;5008412;60.42;2367948;2993548;568
max;60;2021-10-06 05:26:01 UTC;1319772;5369516;1837408;24.22;140184;3465100;5008356;60.42;2368580;2996272;512
max;60;2021-10-06 05:27:01 UTC;1310588;5363340;1843148;24.30;140184;3468100;5017124;60.53;2375220;2999268;268
max;60;2021-10-06 05:28:01 UTC;1306084;5361444;1845240;24.33;140184;3470708;5012368;60.47;2376632;3001880;880
max;60;2021-10-06 05:29:01 UTC;1296132;5354048;1852816;24.43;140184;3473264;5014688;60.50;2383768;3004436;1020
max;60;2021-10-06 05:30:01 UTC;1292580;5353228;1853516;24.44;140184;3475988;5014788;60.50;2384924;3007160;876
max;60;2021-10-06 05:31:01 UTC;1284540;5347904;1858916;24.51;140184;3478704;5014180;60.49;2390944;3009876;1108
max;60;2021-10-06 05:32:01 UTC;1281028;5347060;1859516;24.52;140184;3481368;5016780;60.52;2391260;3012540;532
max;60;2021-10-06 05:33:01 UTC;1278220;5336444;1870308;24.66;140184;3473560;5015684;60.51;2402412;3004732;1156
max;60;2021-10-06 05:34:01 UTC;1272092;5333076;1873360;24.70;140184;3476284;5013092;60.48;2404864;3007452;1084
max;60;2021-10-06 05:35:01 UTC;1266152;5329640;1877020;24.75;140184;3478788;5015716;60.51;2408536;3009960;784
max;60;2021-10-06 05:36:01 UTC;1257300;5323420;1883192;24.83;140184;3481416;5015844;60.51;2415196;3012588;620
max;60;2021-10-06 05:37:01 UTC;1254176;5322756;1883948;24.84;140184;3483876;5016032;60.52;2415324;3015048;680
max;60;2021-10-06 05:38:01 UTC;1249108;5320304;1886168;24.87;140184;3486492;5013088;60.48;2417152;3017664;472
max;60;2021-10-06 05:39:01 UTC;1236700;5310392;1896008;25.00;140184;3488984;5010104;60.44;2427732;3020160;960
max;60;2021-10-06 05:40:01 UTC;1229736;5306140;1900312;25.05;140184;3491700;5006392;60.40;2431616;3022872;728
max;60;2021-10-06 05:41:01 UTC;1223356;5302412;1903832;25.10;140184;3494348;5013536;60.49;2435896;3025512;508
max;60;2021-10-06 05:42:01 UTC;1216728;5298376;1908056;25.16;140184;3496936;5013188;60.48;2440404;3028108;648
max;60;2021-10-06 05:43:01 UTC;1211720;5296012;1910468;25.19;140184;3499576;5011760;60.46;2441408;3030748;472
max;60;2021-10-06 05:44:01 UTC;1203972;5290960;1915660;25.26;140184;3502276;5012020;60.47;2446764;3033448;776
max;60;2021-10-06 05:45:01 UTC;1196392;5286016;1920584;25.32;140184;3504904;5010820;60.45;2452164;3036076;236
max;60;2021-10-06 05:46:01 UTC;1189564;5281740;1924808;25.38;140184;3507484;5009376;60.44;2456056;3038648;676
max;60;2021-10-06 05:47:01 UTC;1180808;5275544;1930772;25.46;140184;3510040;5012300;60.47;2462072;3041212;480
max;60;2021-10-06 05:48:01 UTC;1172824;5270108;1936248;25.53;140184;3512588;5013388;60.48;2468356;3043760;784
max;60;2021-10-06 05:49:01 UTC;1162792;5262920;1943360;25.62;140184;3515432;5015716;60.51;2475512;3046604;1392
max;60;2021-10-06 05:50:01 UTC;1147628;5250364;1956008;25.79;140184;3518040;5015824;60.51;2487588;3049212;744
max;60;2021-10-06 05:51:01 UTC;1147348;5252812;1953668;25.76;140184;3520772;5018804;60.55;2485148;3051940;868
max;60;2021-10-06 05:52:01 UTC;1138180;5246284;1960076;25.84;140184;3523408;5015812;60.51;2492124;3054580;700
max;60;2021-10-06 05:53:01 UTC;1135652;5246336;1960084;25.84;140184;3525988;5009260;60.43;2492508;3057160;704
max;60;2021-10-06 05:54:01 UTC;1129912;5243084;1963632;25.89;140184;3528540;5013316;60.48;2495508;3059712;516
max;60;2021-10-06 05:55:01 UTC;1183420;5236660;1969844;25.97;140188;3468684;5013928;60.49;2500404;2999856;1004
max;60;2021-10-06 05:56:01 UTC;1176416;5232272;1974224;26.03;140188;3471300;5011168;60.46;2506456;3002472;876
max;60;2021-10-06 05:57:01 UTC;1172132;5230584;1975920;26.05;140188;3473896;5016188;60.52;2507000;3005068;568
max;60;2021-10-06 05:58:01 UTC;1167740;5229176;1977260;26.07;140188;3476880;5013480;60.48;2509652;3008052;488
max;60;2021-10-06 05:59:01 UTC;1157532;5221368;1985028;26.17;140188;3479280;5019688;60.56;2515832;3010452;380
max;60;2021-10-06 06:00:01 UTC;1159440;5215620;1990876;26.25;140188;3471624;5013108;60.48;2522956;3002796;628
max;60;2021-10-06 06:01:01 UTC;1151668;5210524;1996148;26.32;140188;3474300;5016096;60.52;2527116;3005472;360
max;60;2021-10-06 06:02:01 UTC;1147800;5208960;1997720;26.34;140188;3476604;5017124;60.53;2529856;3007776;996
max;60;2021-10-06 06:03:01 UTC;1139760;5203428;2003132;26.41;140188;3479112;5008332;60.42;2534432;3010296;996
max;60;2021-10-06 06:04:01 UTC;1133520;5199772;2006736;26.46;140188;3481648;5015972;60.51;2538280;3012832;860
max;60;2021-10-06 06:05:01 UTC;1127780;5196460;2009728;26.50;140188;3484076;5017328;60.53;2540704;3015248;896
max;60;2021-10-06 06:06:01 UTC;1119576;5190792;2015632;26.57;140188;3486608;5015972;60.51;2546556;3017780;724
max;60;2021-10-06 06:07:01 UTC;1115000;5188568;2018040;26.61;140188;3488960;5010908;60.45;2548788;3020144;480
max;60;2021-10-06 06:08:01 UTC;1106788;5182948;2023836;26.68;140188;3491552;5014580;60.50;2554580;3022744;292
max;60;2021-10-06 06:09:01 UTC;1101928;5180384;2026132;26.71;140188;3493876;5013244;60.48;2557236;3025068;1056
max;60;2021-10-06 06:10:01 UTC;1096060;5176984;2029488;26.76;140188;3496344;5016728;60.52;2560748;3027528;780
max;60;2021-10-06 06:11:01 UTC;1091020;5174252;2032016;26.79;140188;3498652;5015716;60.51;2563808;3029848;924
max;60;2021-10-06 06:12:01 UTC;1085544;5171200;2035312;26.83;140188;3501076;5015564;60.51;2566104;3032288;744
max;60;2021-10-06 06:13:01 UTC;1075432;5163516;2043096;26.94;140188;3503504;5016112;60.52;2574860;3034676;396
max;60;2021-10-06 06:14:01 UTC;1067076;5157964;2048460;27.01;140188;3506196;5011244;60.46;2579788;3037368;284
max;60;2021-10-06 06:15:01 UTC;1057136;5150692;2055412;27.10;140188;3508864;5010164;60.44;2589372;3040036;1000
max;60;2021-10-06 06:16:02 UTC;1054360;5150488;2056116;27.11;140188;3511444;5013784;60.49;2589932;3042616;820
max;59;2021-10-06 06:17:01 UTC;1047760;5146600;2060040;27.16;140188;3514156;5014104;60.49;2594664;3045324;552
max;60;2021-10-06 06:18:01 UTC;1040948;5142520;2063724;27.21;140188;3516932;5016252;60.52;2596656;3048104;1040
max;60;2021-10-06 06:19:01 UTC;1037092;5141264;2065292;27.23;140188;3519532;5011760;60.46;2601244;3050704;812
max;60;2021-10-06 06:20:01 UTC;1027788;5134720;2071556;27.31;140188;3522292;5013336;60.48;2606560;3053464;684
max;60;2021-10-06 06:21:01 UTC;1022936;5132500;2073452;27.34;140188;3524924;5012520;60.47;2607544;3056096;644
max;60;2021-10-06 06:22:01 UTC;1018412;5130120;2076560;27.38;140188;3527072;5009800;60.44;2610112;3058240;552
max;60;2021-10-06 06:23:01 UTC;1013392;5127260;2079132;27.41;140188;3529228;5014688;60.50;2613684;3060400;452
max;60;2021-10-06 06:24:01 UTC;1004004;5120344;2086096;27.50;140188;3531700;5012824;60.48;2620348;3062872;948
max;60;2021-10-06 06:25:01 UTC;999744;5118432;2087936;27.53;140188;3534048;5015212;60.51;2622100;3065220;616
max;61;2021-10-06 06:26:01 UTC;1054264;5115808;2090620;27.56;140316;3476900;5016236;60.52;2629904;3000584;308
max;60;2021-10-06 06:27:01 UTC;1047284;5111256;2094984;27.62;140316;3479328;5009776;60.44;2634340;3003012;1128
max;60;2021-10-06 06:28:01 UTC;1040112;5106636;2099600;27.68;140316;3481880;5016440;60.52;2637972;3005564;588
max;60;2021-10-06 06:29:01 UTC;1043596;5102452;2104156;27.74;140316;3474164;5016976;60.53;2642836;2997848;500
max;60;2021-10-06 06:30:01 UTC;1029680;5090956;2115428;27.89;140316;3476584;5015892;60.51;2653544;3000268;672
max;60;2021-10-06 06:31:01 UTC;1021780;5085624;2120568;27.96;140316;3479152;5007036;60.41;2660400;3002836;504
max;60;2021-10-06 06:32:01 UTC;1018512;5084796;2121456;27.97;140316;3481592;5011156;60.46;2660136;3005276;300
max;60;2021-10-06 06:33:01 UTC;1015116;5084140;2122116;27.98;140316;3484332;5009656;60.44;2661912;3008016;944
max;60;2021-10-06 06:34:01 UTC;1010008;5081584;2124508;28.01;140316;3486968;5018084;60.54;2663024;3010648;1112
max;60;2021-10-06 06:35:01 UTC;1003476;5077640;2128464;28.06;140316;3489568;5016896;60.53;2668868;3013252;712
max;60;2021-10-06 06:36:01 UTC;999348;5076000;2130108;28.08;140316;3492072;5013096;60.48;2671736;3015756;852
max;60;2021-10-06 06:37:01 UTC;994172;5073428;2132756;28.12;140316;3494672;5014716;60.50;2674884;3018356;756
max;60;2021-10-06 06:38:02 UTC;986276;5068068;2138132;28.19;140316;3497208;5017380;60.53;2680428;3020892;824
max;59;2021-10-06 06:39:01 UTC;974120;5058540;2147676;28.32;140316;3499836;5016492;60.52;2688532;3023520;620
max;60;2021-10-06 06:40:01 UTC;969348;5056460;2149712;28.34;140316;3502528;5014944;60.50;2692632;3026212;576
max;60;2021-10-06 06:41:01 UTC;1058012;5147776;2058344;27.14;140316;3505180;5011608;60.46;2597496;3028864;452
max;60;2021-10-06 06:42:01 UTC;1225768;5318012;1888392;24.90;140316;3507660;5016856;60.53;2427912;3031344;1064
max;60;2021-10-06 06:43:01 UTC;1283216;5378084;1828256;24.10;140316;3510284;5013384;60.48;2367596;3033968;744
max;60;2021-10-06 06:44:01 UTC;1283232;5381752;1824648;24.06;140316;3513788;5013312;60.48;2407548;2993800;548
max;60;2021-10-06 06:45:01 UTC;1283720;5384844;1821540;24.02;140316;3516392;5009856;60.44;2404340;2996404;320
max;60;2021-10-06 06:46:01 UTC;1278844;5384032;1822244;24.02;140316;3520456;5019844;60.56;2404520;3000468;1028
max;60;2021-10-06 06:47:01 UTC;1274528;5382228;1823956;24.05;140316;3522968;5015032;60.50;2405844;3002980;788
max;60;2021-10-06 06:48:01 UTC;1271296;5381608;1824300;24.05;140316;3525564;5013448;60.48;2406252;3005576;788
max;60;2021-10-06 06:49:01 UTC;1270840;5383292;1822880;24.03;140316;3527656;5012820;60.48;2405692;3007664;952
max;60;2021-10-06 06:50:01 UTC;1266652;5381496;1824564;24.06;140316;3530048;5014916;60.50;2406984;3010060;1272
max;60;2021-10-06 06:51:01 UTC;1263188;5380448;1825660;24.07;140316;3532464;5016912;60.53;2406816;3012476;736
max;60;2021-10-06 06:52:01 UTC;1261320;5381164;1824840;24.06;140316;3535048;5015716;60.51;2407324;3015072;460
max;60;2021-10-06 06:53:01 UTC;1257444;5379820;1826156;24.08;140316;3537576;5013352;60.48;2408224;3017600;992
max;60;2021-10-06 06:54:01 UTC;1255408;5380112;1826064;24.08;140316;3539904;5017724;60.54;2408036;3019912;880
max;60;2021-10-06 06:55:01 UTC;1253564;5380584;1825420;24.07;140316;3542220;5011724;60.46;2407600;3022224;808
max;60;2021-10-06 06:56:01 UTC;1307408;5374412;1831688;24.15;140316;3482208;5005948;60.39;2414508;2962200;796
max;60;2021-10-06 06:57:01 UTC;1303620;5373088;1833116;24.17;140316;3484672;5011468;60.46;2415856;2964676;544
max;60;2021-10-06 06:58:01 UTC;1298500;5370448;1835660;24.20;140316;3487148;5015628;60.51;2418328;2967128;600
max;60;2021-10-06 06:59:01 UTC;1289332;5363612;1842604;24.29;140316;3489452;5015056;60.50;2424672;2969444;416
max;60;2021-10-06 07:00:01 UTC;1286412;5353004;1853252;24.43;140316;3481792;5012540;60.47;2435400;2961792;1676
max;60;2021-10-06 07:01:01 UTC;1282300;5351320;1854808;24.45;140316;3484220;5016456;60.52;2437512;2964212;880
max;60;2021-10-06 07:02:01 UTC;1270976;5342232;1863968;24.57;140316;3486456;5011240;60.46;2447788;2966420;764
max;60;2021-10-06 07:03:01 UTC;1267740;5341468;1864848;24.59;140316;3488924;5015084;60.50;2447972;2968888;500
max;60;2021-10-06 07:04:01 UTC;1261612;5337540;1868776;24.64;140316;3491128;5015712;60.51;2450776;2971092;512
max;60;2021-10-06 07:05:01 UTC;1256840;5335160;1870896;24.67;140316;3493524;5010608;60.45;2453732;2973484;1032
max;60;2021-10-06 07:06:01 UTC;1246364;5327008;1879092;24.77;140316;3495844;5011056;60.46;2461764;2975808;768
max;60;2021-10-06 07:07:01 UTC;1243568;5326668;1879424;24.78;140316;3498304;5009832;60.44;2461952;2978264;724
max;60;2021-10-06 07:08:01 UTC;1237656;5323208;1883056;24.83;140316;3500752;5012532;60.47;2465644;2980716;784
max;60;2021-10-06 07:09:01 UTC;1223740;5311480;1894772;24.98;140316;3502972;5007964;60.42;2477572;2982936;600
max;60;2021-10-06 07:10:01 UTC;1210756;5300932;1905216;25.12;140316;3505408;5012152;60.47;2487828;2985372;496
max;60;2021-10-06 07:11:01 UTC;1207764;5300172;1906152;25.13;140316;3507640;5015716;60.51;2488156;2987604;456
max;60;2021-10-06 07:12:01 UTC;1206312;5301072;1905076;25.12;140316;3509992;5017124;60.53;2487748;2989956;1068
max;60;2021-10-06 07:13:01 UTC;1198532;5295524;1910360;25.19;140316;3512224;5010908;60.45;2493952;2992188;916
max;60;2021-10-06 07:14:01 UTC;1192232;5291644;1914288;25.24;140316;3514628;5011444;60.46;2496336;2994592;800
max;60;2021-10-06 07:15:01 UTC;1189844;5291512;1914436;25.24;140316;3516884;5013436;60.48;2496080;2996848;688
max;60;2021-10-06 07:16:01 UTC;1184924;5289220;1917248;25.28;140344;3519472;5017192;60.53;2499796;2999320;376
max;60;2021-10-06 07:17:01 UTC;1180812;5287412;1919020;25.30;140344;3521760;5012216;60.47;2502512;3001608;1052
max;60;2021-10-06 07:18:01 UTC;1176764;5285624;1920628;25.32;140344;3524020;5013376;60.48;2502896;3003868;952
max;60;2021-10-06 07:19:01 UTC;1153220;5264412;1942088;25.60;140344;3526380;5017256;60.53;2524824;3006228;780
max;60;2021-10-06 07:20:01 UTC;1141784;5255304;1950892;25.72;140344;3528700;5010180;60.44;2533724;3008548;920
max;60;2021-10-06 07:21:01 UTC;1140192;5256052;1950088;25.71;140344;3531040;5017380;60.53;2533344;3010888;744
max;60;2021-10-06 07:22:01 UTC;1136364;5254548;1951520;25.73;140344;3533372;5013288;60.48;2534068;3013220;740
max;60;2021-10-06 07:23:01 UTC;1133168;5253788;1952228;25.74;140344;3535808;5015972;60.51;2534428;3015656;396
max;60;2021-10-06 07:24:02 UTC;1124480;5247304;1958948;25.83;140344;3538028;5016352;60.52;2540868;3017876;616
max;59;2021-10-06 07:25:01 UTC;1124072;5249068;1957156;25.80;140344;3540200;5015288;60.51;2540660;3020048;744
max;60;2021-10-06 07:26:01 UTC;1117128;5244192;1962176;25.87;140344;3542252;5012748;60.48;2544864;3022100;588
max;60;2021-10-06 07:27:01 UTC;1112024;5241196;1965284;25.91;140344;3544360;5018624;60.55;2548340;3024208;664
max;60;2021-10-06 07:28:01 UTC;1108504;5239848;1966688;25.93;140344;3546532;5013320;60.48;2549596;3026380;384
max;60;2021-10-06 07:29:01 UTC;1116372;5239688;1966772;25.93;140344;3538508;5015620;60.51;2549852;3018352;276
max;60;2021-10-06 07:30:01 UTC;1171936;5235116;1971396;25.99;140344;3478324;5011960;60.47;2554728;2957216;328
max;60;2021-10-06 07:31:01 UTC;1167148;5232664;1973596;26.02;140344;3480640;5014120;60.49;2557464;2959532;980
max;60;2021-10-06 07:32:01 UTC;1164440;5232176;1974052;26.03;140344;3482860;5010288;60.45;2559232;2961752;660
max;60;2021-10-06 07:33:01 UTC;1156460;5226608;1979716;26.10;140344;3485268;5013432;60.48;2563308;2964156;952
max;60;2021-10-06 07:34:01 UTC;1149972;5222624;1983444;26.15;140344;3487696;5012724;60.48;2567548;2966584;632
max;60;2021-10-06 07:35:01 UTC;1143168;5218192;1988352;26.21;140344;3490060;5014264;60.49;2572464;2968952;448
max;60;2021-10-06 07:36:01 UTC;1139380;5216856;1989460;26.23;140344;3492512;5011328;60.46;2572348;2971404;860
max;60;2021-10-06 07:37:01 UTC;1131096;5210932;1995128;26.30;140344;3494872;5010380;60.45;2579176;2973764;860
max;60;2021-10-06 07:38:01 UTC;1125168;5207936;1998384;26.35;140344;3497804;5014684;60.50;2581844;2976696;564
max;60;2021-10-06 07:39:01 UTC;1112072;5197488;2008792;26.48;140344;3500484;5007896;60.42;2593360;2979376;472
max;60;2021-10-06 07:40:01 UTC;1105540;5193596;2012344;26.53;140344;3503108;5016316;60.52;2596412;2982008;1056
max;60;2021-10-06 07:41:01 UTC;1102624;5193256;2012884;26.54;140344;3505700;5008428;60.42;2597608;2984588;812
max;60;2021-10-06 07:42:01 UTC;1096472;5189644;2016800;26.59;140344;3508236;5021712;60.58;2599848;2987140;572
max;60;2021-10-06 07:43:01 UTC;1089508;5185052;2021340;26.65;140344;3510608;5015716;60.51;2605088;2989500;524
max;60;2021-10-06 07:44:01 UTC;1077340;5175636;2030756;26.77;140344;3513312;5015372;60.51;2614284;2992204;936
max;60;2021-10-06 07:45:01 UTC;1075436;5176052;2030464;26.77;140344;3515628;5014940;60.50;2614540;2994544;896
max;60;2021-10-06 07:46:01 UTC;1071236;5174128;2031992;26.79;140344;3517904;5015972;60.51;2616972;2996796;536
max;60;2021-10-06 07:47:01 UTC;1067144;5172312;2034404;26.82;140344;3520180;5017036;60.53;2618144;2999116;440
max;60;2021-10-06 07:48:01 UTC;1059916;5167572;2038792;26.88;140344;3522664;5016352;60.52;2622596;3001580;408
max;60;2021-10-06 07:49:01 UTC;1055844;5165848;2040780;26.91;140344;3525012;5012412;60.47;2624128;3003944;928
max;60;2021-10-06 07:50:01 UTC;1039744;5152248;2054316;27.08;140344;3527496;5011772;60.46;2638132;3006324;804
max;60;2021-10-06 07:51:01 UTC;1039240;5153144;2053260;27.07;140324;3528896;5017172;60.53;2641916;3008624;620
max;60;2021-10-06 07:52:01 UTC;1034556;5151008;2055444;27.10;140324;3531440;5017124;60.53;2642184;3011168;572
max;60;2021-10-06 07:53:01 UTC;1025232;5144128;2062444;27.19;140324;3533960;5014568;60.50;2649084;3013692;108
max;60;2021-10-06 07:54:01 UTC;1022220;5142888;2063564;27.21;140184;3535904;5017848;60.54;2647784;3018092;1068
